step,required_actions
intake,case_created|applicant_classified
requirement_pack,requirement_pack_generated
document_quality,document_quality_checked|document_quality_completed
extraction,fields_extracted|extraction_completed
verification,registry_check_completed|identity_check_completed|verification_completed
screening,screening_check_completed|screening_completed
risk_assessment,risk_assessment_completed
evidence_pack,evidence_pack_generated
communication,communication_drafted
decision,human_decision_recorded
