wording_key,customer_wording
getting_started,We have your application and are getting started.
checking_documents,We are checking the documents you sent.
documents_again,We need one or more documents again before we can carry on. Details are in the message we sent you.
checks_under_way,Your application is with us and the checks are under way.
with_the_team,Your application is with our onboarding team. There is nothing you need to do at the moment.
final_look,The checks are complete and your application is with us for a final look.
account_open,Your account is open.
not_able,We are not able to open an account at this time.
closed_no_reply,We closed this application because we did not hear back. You are welcome to apply again.
in_progress,Your application is with us.
further_review,Further review is needed before we can finish. Your application is with our onboarding team for an additional review step.
partner_process,This application uses a separate partner onboarding process. Our programme delivery team will contact you about the next steps.
