rule_id,document_type,check_name,check_type,parameter,failure_flag,outcome,resubmission_reason,description
QR-01,*,unsupported_file_type,deterministic,pdf;jpg;jpeg;png,unsupported_file_type,resubmission_required,document_unreadable,File extension is not one of the accepted upload formats
QR-02,*,expiry_date_passed,deterministic,expiry_date,expired,resubmission_required,document_expired,The document carries an expiry date that has already passed
QR-03,proof_of_address,max_age_exceeded,deterministic,max_age_days,document_too_old,resubmission_required,proof_of_address_too_old,Document date is older than the max_age_days on the checklist rule that asked for it
QR-04,ownership_chart,missing_pages_structural,deterministic,page_count,missing_pages,manual_review_required,ownership_structure_unclear,An incomplete ownership chart leaves the structure unclear; an analyst must read it rather than the customer simply resending
QR-05,shareholder_register,missing_pages_structural,deterministic,page_count,missing_pages,manual_review_required,ownership_structure_unclear,An incomplete shareholder register leaves the structure unclear; an analyst must read it rather than the customer simply resending
QR-06,*,missing_pages,deterministic,page_count,missing_pages,resubmission_required,document_unreadable,Fewer pages were supplied than the document declares
QR-07,*,blurred_unreadable,ai,,blurred_unreadable,resubmission_required,document_unreadable,The image or scan is too blurred to read reliably
QR-08,*,cut_off_pages,ai,,cut_off_pages,resubmission_required,document_unreadable,Content is cropped at the page edge
QR-09,*,screenshot_not_original,ai,,screenshot_not_original,resubmission_required,document_unreadable,The file is a screenshot or photo of a screen rather than the original document
QR-10,*,wrong_document_type,ai,,wrong_document_type,resubmission_required,document_unreadable,The file is legible but is not the document type the checklist asked for
QR-11,*,tampering_indicator,ai,,tampering_indicator,manual_review_required,,Signs of alteration or digital manipulation; never auto-rejected and never sent back to the customer as a resubmission request
QR-12,*,name_mismatch,ai,,name_mismatch,manual_review_required,,The name on the document does not match the individual it was supplied for
