document_type,field_name,required,used_by
registry_extract,registered_address,true,step5_registry_check.address_match
registry_extract,entity_status,true,step5_registry_check.company_status
registry_extract,registration_number,false,step5_registry_check.number_match
registry_extract,company_name,false,step5_registry_check.name_match
registry_extract,legal_name,false,step5_registry_check.name_match
registry_extract,registered_shareholder,false,step6_risk.ownership_transparency
certificate_of_incorporation,company_name,true,step5_registry_check.name_match
certificate_of_incorporation,registration_number,true,step5_registry_check.number_match
certificate_of_incorporation,incorporation_date,false,step6_risk.entity_age
certificate_of_incorporation,registered_address,false,step5_registry_check.address_match
director_register,director_name,true,step5_registry_check.director_match
director_register,director_name_2,false,step5_registry_check.director_match
director_register,appointment_date,false,step5_registry_check.director_match
authorised_signatory_list,signatory_name,true,step5_registry_check.director_match
ubo_declaration,ubo_name,true,step6_risk.ownership_transparency
ubo_declaration,ownership_percentage,true,step6_risk.ownership_transparency
ubo_declaration,control_basis,false,step6_risk.ownership_transparency
ubo_declaration,indirect_ownership_path,false,step6_risk.ownership_transparency
ubo_declaration,ubo_name_2,false,step6_risk.ownership_transparency
ownership_chart,intermediate_entity,true,step6_risk.ownership_transparency
ownership_chart,chart_summary,false,step6_risk.ownership_transparency
shareholder_register,shareholder_name,true,step6_risk.ownership_transparency
shareholder_register,shareholder_name_2,false,step6_risk.ownership_transparency
id_document,full_name,true,step5_identity_check.name_dob_match
id_document,expiry_date,false,step4_qr02_expiry_reconfirm
id_document,date_of_birth,false,step5_identity_check.name_dob_match
id_document,document_number,false,step5_identity_check.document_result
proof_of_address,document_date,true,step4_qr03_max_age_reconfirm
proof_of_address,address,false,step5_registry_check.address_match
proof_of_address,full_name,false,step5_identity_check.address_result
proof_of_address,issuer,false,step5_identity_check.address_result
source_of_funds_declaration,declared_source,true,step6_risk.source_of_funds
source_of_funds_declaration,expected_monthly_volume,false,step6_risk.source_of_funds
source_of_wealth_statement,declared_source_of_wealth,true,step6_risk.source_of_wealth
business_activity_description,declared_industry,true,step6_risk.industry_risk
business_activity_description,expected_card_usage,false,step6_risk.industry_risk
bank_statement,account_holder,true,step6_risk.source_of_funds
tax_registration_certificate,vat_number,false,step5_registry_check.number_match
tax_registration_certificate,tax_number,false,step5_registry_check.number_match
programme_business_plan,target_segment,true,step6_risk.programme_scope
programme_business_plan,expected_card_volume,false,step6_risk.programme_scope
website_or_platform_details,platform_url,true,step6_risk.industry_risk
