rule_id,applicant_type,jurisdiction,entity_type,requirement_area,document_type,level,condition,applies_per_individual_role,max_age_days
RR-EE-FR-01,freelancer_sole_trader,EE,sole_trader,individual_identity,id_document,required,,sole_trader,
RR-EE-FR-02,freelancer_sole_trader,EE,sole_trader,individual_identity,proof_of_address,required,,sole_trader,90
RR-EE-FR-03,freelancer_sole_trader,EE,sole_trader,individual_identity,liveness_face_match,required,,sole_trader,
RR-EE-FR-04,freelancer_sole_trader,EE,sole_trader,source_of_funds,source_of_funds_declaration,required,,,
RR-EE-FR-05,freelancer_sole_trader,EE,sole_trader,source_of_funds,business_activity_description,required,,,
RR-EE-FR-06,freelancer_sole_trader,EE,sole_trader,entity_proof,tax_registration,optional,,,
RR-UK-FR-01,freelancer_sole_trader,UK,sole_trader,individual_identity,id_document,required,,sole_trader,
RR-UK-FR-02,freelancer_sole_trader,UK,sole_trader,individual_identity,proof_of_address,required,,sole_trader,90
RR-UK-FR-03,freelancer_sole_trader,UK,sole_trader,individual_identity,liveness_face_match,required,,sole_trader,
RR-UK-FR-04,freelancer_sole_trader,UK,sole_trader,source_of_funds,source_of_funds_declaration,required,,,
RR-UK-FR-05,freelancer_sole_trader,UK,sole_trader,source_of_funds,business_activity_description,required,,,
RR-EE-SME-01,sme_corporate,EE,private_limited,entity_proof,registration_extract,required,,,
RR-EE-SME-02,sme_corporate,EE,private_limited,directors_officers,director_register,required,,,
RR-EE-SME-03,sme_corporate,EE,private_limited,ownership_ubo,ubo_declaration,required,,,
RR-EE-SME-04,sme_corporate,EE,private_limited,individual_identity,id_document,required,,director,
RR-EE-SME-05,sme_corporate,EE,private_limited,individual_identity,id_document,required,,ubo,
RR-EE-SME-06,sme_corporate,EE,private_limited,individual_identity,proof_of_address,required,,ubo,90
RR-EE-SME-07,sme_corporate,EE,private_limited,source_of_funds,source_of_funds_declaration,required,,,
RR-EE-SME-08,sme_corporate,EE,private_limited,risk_specific,risk_specific_evidence,conditional,high_risk_industry,,
RR-UK-SME-01,sme_corporate,UK,private_limited,entity_proof,certificate_of_incorporation,required,,,
RR-UK-SME-02,sme_corporate,UK,private_limited,directors_officers,director_register,required,,,
RR-UK-SME-03,sme_corporate,UK,private_limited,ownership_ubo,ubo_declaration,required,,,
RR-UK-SME-04,sme_corporate,UK,private_limited,individual_identity,id_document,required,,director,
RR-UK-SME-05,sme_corporate,UK,private_limited,individual_identity,id_document,required,,ubo,
RR-UK-SME-06,sme_corporate,UK,private_limited,individual_identity,proof_of_address,required,,ubo,90
RR-UK-SME-07,sme_corporate,UK,private_limited,source_of_funds,source_of_funds_declaration,required,,,
RR-UK-CX-01,complex_corporate_ubo,UK,private_limited,entity_proof,certificate_of_incorporation,required,,,
RR-UK-CX-02,complex_corporate_ubo,UK,private_limited,directors_officers,director_register,required,,,
RR-UK-CX-03,complex_corporate_ubo,UK,private_limited,ownership_ubo,ubo_declaration,required,,,
RR-UK-CX-04,complex_corporate_ubo,UK,private_limited,ownership_ubo,ownership_chart,required,,,
RR-UK-CX-05,complex_corporate_ubo,UK,private_limited,ownership_ubo,shareholder_register,required,,,
RR-UK-CX-06,complex_corporate_ubo,UK,private_limited,ownership_ubo,nominee_trust_explanation,conditional,has_trust_or_nominee,,
RR-UK-CX-07,complex_corporate_ubo,UK,private_limited,individual_identity,id_document,required,,director,
RR-UK-CX-08,complex_corporate_ubo,UK,private_limited,individual_identity,id_document,required,,ubo,
RR-UK-CX-09,complex_corporate_ubo,UK,private_limited,individual_identity,proof_of_address,required,,ubo,90
RR-UK-CX-10,complex_corporate_ubo,UK,private_limited,source_of_funds,source_of_funds_declaration,required,,,
