case_id,case_label,brief_section,applicant_id,applicant_name,applicant_type,jurisdiction_path,entity_scope,source_channel,expected_status,expected_risk_band,next_action_owner,what_it_demonstrates,key_evidence_ids
WAL-ONB-0001,"Case 1 - low-risk freelancer, complete documents",8.1 Case 1 / 14.1,APP-0001,Kaari Mets,freelancer_sole_trader,EE,wallester_as,portal,ready_for_decision,low,analyst,"Happy path: every requirement-pack item accepted at first attempt, clean provider results, low risk, no human escalation.",RSK-0001|EVP-0001
WAL-ONB-0002,Case 2 - SME with unreadable director ID,8.1 Case 2 / 14.2,APP-0002,Northbridge Craft Supplies Ltd,sme_corporate,UK,wallester_uk_ltd,portal,resubmission_required,insufficient_evidence,customer,"Bad documents stopped before paid checks: unreadable director ID plus a missing UBO declaration, resubmission request issued, no provider calls commissioned.",DOC-0011|RSK-0002|EVP-0002
WAL-ONB-0003,Case 3 - corporate with registry address mismatch,8.1 Case 3 / 14.3,APP-0003,Calderwick Logistics Ltd,sme_corporate,UK,wallester_uk_ltd,email,analyst_review_required,medium,customer,"Evidence-grounded exception: registration number matches, registered address does not; low-confidence OCR field corrected by an analyst before the comparison is relied on.",REG-0002|RSK-0003|DEC-0001|EVP-0003
WAL-ONB-0004,"Case 4 - complex ownership, unclear UBO",8.1 Case 4 / 14.4,APP-0004,Vestmark Nordic OU,complex_corporate_ubo,EE,wallester_as,portal,enhanced_due_diligence,high,compliance,"Structural opacity rather than an adverse finding: two-layer indirect ownership chain not supported by the registry, incomplete ownership chart, enhanced due diligence.",DOC-0038|REG-0003|RSK-0004|DEC-0002|EVP-0004
WAL-ONB-0005,Case 5 - PEP match on UBO with moderate adverse media,8.1 Case 5 / 14.5,APP-0005,Quillon Marine Services Ltd,sme_corporate,UK,wallester_uk_ltd,portal,enhanced_due_diligence,high,compliance,"Human-gated compliance acceleration: PEP match plus moderate adverse media on the majority owner, internal narrative prepared, generic customer message only.",SCR-0014|RSK-0005|DEC-0003|EVP-0005
WAL-ONB-0006,Case 6 - possible sanctions match on a director,8.1 Case 6 / 14.6,APP-0006,Saarvik Metall OU,sme_corporate,EE,wallester_as,portal,analyst_review_required,critical,compliance,"Critical stop: possible sanctions match on a director, no automated clearance, escalation to the MLRO queue, no customer disclosure of the reason.",SCR-0018|RSK-0006|DEC-0004|EVP-0006
WAL-ONB-0007,Case 7 - serious adverse media on a director,8.1 Case 7,APP-0007,Bramforth Aggregates Ltd,sme_corporate,UK,wallester_uk_ltd,email,analyst_review_required,high,compliance,"Analyst escalation with an adverse-media summary, and the one recorded override: the model recommended enhanced due diligence, the reviewer escalated.",SCR-0021|RSK-0007|DEC-0005|EVP-0007
WAL-ONB-0008,Case 8 - white-label partner branch,8.1 Case 8 / 14.7,APP-0008,Kestrel Pay Partners OU,white_label_partner,EE,undetermined,portal,submitted,,system,"KYB intake only, routed to the future-phase branch: no risk assessment, screening, registry, identity, decision or evidence-pack rows.",
WAL-ONB-0009,Control A - clean SME,control,APP-0009,Parnu Kohviubade OU,sme_corporate,EE,wallester_as,portal,approved,low,system,"Baseline for the problem cases: complete SME submission, clean results throughout, analyst approval recorded.",RSK-0008|DEC-0006|EVP-0008
WAL-ONB-0010,Control B - clean corporate on the complex-ownership path,control,APP-0010,Thornbury Analytics Ltd,complex_corporate_ubo,UK,wallester_uk_ltd,portal,ready_for_decision,low,analyst,"Negative control for Case 4: same complex-corporate requirement pack, but a single-layer registry-supported 70 percent owner.",RSK-0009|EVP-0009
WAL-ONB-0011,Case 11 - SME dissolved on the register,5.5 registry rules,APP-0011,Ardenhall Joinery Ltd,sme_corporate,UK,wallester_uk_ltd,portal,rejected,high,system,"Eligibility failure rather than a risk finding: complete paperwork and clean screening, but the register returns dissolved, which is blocking and ends in a reject.",REG-0009|RSK-0010|DEC-0007|EVP-0010
WAL-ONB-0012,Case 12 - confirmed sanctions match on a UBO,5.7 screening,APP-0012,Solvarn Baltic OU,sme_corporate,EE,wallester_as,portal,analyst_review_required,critical,compliance,"The one unambiguous sanctions hit: critical severity, escalated to compliance, no automated clearance anywhere in the pipeline and no reason disclosed to the customer.",SCR-0035|RSK-0011|DEC-0008|EVP-0011
WAL-ONB-0013,Case 13 - identity failure plus an unanswered media check,5.7 screening,APP-0013,Pemberly Tooling Ltd,sme_corporate,UK,wallester_uk_ltd,email,analyst_review_required,insufficient_evidence,analyst,"Insufficient evidence, not high risk: one identity check failed and one media provider did not answer, and a non-answer is never treated as a pass.",SCR-0039|RSK-0012|DEC-0009|EVP-0012
WAL-ONB-0014,Case 14 - freelancer stops responding,5.3 resubmission,APP-0014,Elise Kaarma,freelancer_sole_trader,EE,wallester_as,portal,closed_withdrawn,insufficient_evidence,system,"The quiet ending: one document requested, one reminder sent, no reply, case closed as withdrawn with no provider checks commissioned and no adverse inference recorded.",DOC-0166|RSK-0013|DEC-0010|EVP-0013
