item_id,pack_id,rule_id,subject_individual_id,document_type,level,status,resubmission_attempts
CHK-0001,PACK-0001,RULE-0001,,registry_extract,required,accepted,0
CHK-0002,PACK-0001,RULE-0002,IND-0001,id_document,required,accepted,0
CHK-0003,PACK-0001,RULE-0003,IND-0001,proof_of_address,required,accepted,0
CHK-0004,PACK-0001,RULE-0004,IND-0001,liveness_selfie,conditional,accepted,0
CHK-0005,PACK-0001,RULE-0005,,source_of_funds_declaration,required,accepted,0
CHK-0006,PACK-0001,RULE-0006,,business_activity_description,required,accepted,0
CHK-0007,PACK-0001,RULE-0007,,website_or_platform_details,optional,waived,0
CHK-0008,PACK-0002,RULE-0051,,certificate_of_incorporation,required,accepted,0
CHK-0009,PACK-0002,RULE-0052,,registry_extract,required,accepted,0
CHK-0010,PACK-0002,RULE-0053,,tax_registration_certificate,conditional,waived,0
CHK-0011,PACK-0002,RULE-0054,,director_register,required,accepted,0
CHK-0012,PACK-0002,RULE-0055,,authorised_signatory_list,required,accepted,0
CHK-0013,PACK-0002,RULE-0056,,board_resolution,conditional,waived,0
CHK-0014,PACK-0002,RULE-0057,,ubo_declaration,required,pending,0
CHK-0015,PACK-0002,RULE-0058,IND-0002,id_document,required,resubmission_requested,1
CHK-0016,PACK-0002,RULE-0058,IND-0003,id_document,required,accepted,0
CHK-0017,PACK-0002,RULE-0059,IND-0002,proof_of_address,required,accepted,0
CHK-0018,PACK-0002,RULE-0059,IND-0003,proof_of_address,required,accepted,0
CHK-0019,PACK-0002,RULE-0060,IND-0002,liveness_selfie,conditional,waived,0
CHK-0020,PACK-0002,RULE-0060,IND-0003,liveness_selfie,conditional,waived,0
CHK-0021,PACK-0002,RULE-0061,,source_of_funds_declaration,required,accepted,0
CHK-0022,PACK-0002,RULE-0062,,business_activity_description,required,accepted,0
CHK-0023,PACK-0002,RULE-0063,,bank_statement,conditional,waived,0
CHK-0024,PACK-0003,RULE-0051,,certificate_of_incorporation,required,accepted,0
CHK-0025,PACK-0003,RULE-0052,,registry_extract,required,accepted,0
CHK-0026,PACK-0003,RULE-0053,,tax_registration_certificate,conditional,accepted,0
CHK-0027,PACK-0003,RULE-0054,,director_register,required,accepted,0
CHK-0028,PACK-0003,RULE-0055,,authorised_signatory_list,required,accepted,0
CHK-0029,PACK-0003,RULE-0056,,board_resolution,conditional,waived,0
CHK-0030,PACK-0003,RULE-0057,,ubo_declaration,required,accepted,0
CHK-0031,PACK-0003,RULE-0058,IND-0004,id_document,required,accepted,0
CHK-0032,PACK-0003,RULE-0058,IND-0005,id_document,required,accepted,0
CHK-0033,PACK-0003,RULE-0058,IND-0006,id_document,required,accepted,0
CHK-0034,PACK-0003,RULE-0059,IND-0004,proof_of_address,required,accepted,0
CHK-0035,PACK-0003,RULE-0059,IND-0005,proof_of_address,required,accepted,0
CHK-0036,PACK-0003,RULE-0059,IND-0006,proof_of_address,required,accepted,0
CHK-0037,PACK-0003,RULE-0060,IND-0004,liveness_selfie,conditional,waived,0
CHK-0038,PACK-0003,RULE-0060,IND-0005,liveness_selfie,conditional,waived,0
CHK-0039,PACK-0003,RULE-0061,,source_of_funds_declaration,required,accepted,0
CHK-0040,PACK-0003,RULE-0062,,business_activity_description,required,accepted,0
CHK-0041,PACK-0003,RULE-0063,,bank_statement,conditional,accepted,0
CHK-0042,PACK-0004,RULE-0021,,certificate_of_incorporation,required,accepted,0
CHK-0043,PACK-0004,RULE-0022,,registry_extract,required,accepted,0
CHK-0044,PACK-0004,RULE-0023,,tax_registration_certificate,required,accepted,0
CHK-0045,PACK-0004,RULE-0024,,director_register,required,accepted,0
CHK-0046,PACK-0004,RULE-0025,,authorised_signatory_list,required,accepted,0
CHK-0047,PACK-0004,RULE-0026,,board_resolution,conditional,waived,0
CHK-0048,PACK-0004,RULE-0027,,ubo_declaration,required,accepted,0
CHK-0049,PACK-0004,RULE-0028,IND-0007,id_document,required,accepted,0
CHK-0050,PACK-0004,RULE-0028,IND-0008,id_document,required,accepted,0
CHK-0051,PACK-0004,RULE-0028,IND-0009,id_document,required,accepted,0
CHK-0052,PACK-0004,RULE-0029,IND-0007,proof_of_address,required,accepted,0
CHK-0053,PACK-0004,RULE-0029,IND-0008,proof_of_address,required,accepted,0
CHK-0054,PACK-0004,RULE-0029,IND-0009,proof_of_address,required,accepted,0
CHK-0055,PACK-0004,RULE-0030,IND-0007,liveness_selfie,conditional,waived,0
CHK-0056,PACK-0004,RULE-0030,IND-0008,liveness_selfie,conditional,waived,0
CHK-0057,PACK-0004,RULE-0031,,source_of_funds_declaration,required,accepted,0
CHK-0058,PACK-0004,RULE-0032,,business_activity_description,required,accepted,0
CHK-0059,PACK-0004,RULE-0033,,bank_statement,conditional,waived,0
CHK-0060,PACK-0004,RULE-0034,,ownership_chart,required,manual_review,0
CHK-0061,PACK-0004,RULE-0035,,shareholder_register,required,accepted,0
CHK-0062,PACK-0004,RULE-0036,,nominee_trust_explanation,conditional,waived,0
CHK-0063,PACK-0004,RULE-0037,,source_of_wealth_statement,conditional,pending,0
CHK-0064,PACK-0005,RULE-0051,,certificate_of_incorporation,required,accepted,0
CHK-0065,PACK-0005,RULE-0052,,registry_extract,required,accepted,0
CHK-0066,PACK-0005,RULE-0053,,tax_registration_certificate,conditional,accepted,0
CHK-0067,PACK-0005,RULE-0054,,director_register,required,accepted,0
CHK-0068,PACK-0005,RULE-0055,,authorised_signatory_list,required,accepted,0
CHK-0069,PACK-0005,RULE-0056,,board_resolution,conditional,waived,0
CHK-0070,PACK-0005,RULE-0057,,ubo_declaration,required,accepted,0
CHK-0071,PACK-0005,RULE-0058,IND-0010,id_document,required,accepted,0
CHK-0072,PACK-0005,RULE-0058,IND-0011,id_document,required,accepted,0
CHK-0073,PACK-0005,RULE-0058,IND-0012,id_document,required,accepted,0
CHK-0074,PACK-0005,RULE-0059,IND-0010,proof_of_address,required,accepted,0
CHK-0075,PACK-0005,RULE-0059,IND-0011,proof_of_address,required,accepted,0
CHK-0076,PACK-0005,RULE-0059,IND-0012,proof_of_address,required,accepted,0
CHK-0077,PACK-0005,RULE-0060,IND-0010,liveness_selfie,conditional,waived,0
CHK-0078,PACK-0005,RULE-0060,IND-0011,liveness_selfie,conditional,waived,0
CHK-0079,PACK-0005,RULE-0061,,source_of_funds_declaration,required,accepted,0
CHK-0080,PACK-0005,RULE-0062,,business_activity_description,required,accepted,0
CHK-0081,PACK-0005,RULE-0063,,bank_statement,conditional,accepted,0
CHK-0082,PACK-0006,RULE-0008,,certificate_of_incorporation,required,accepted,0
CHK-0083,PACK-0006,RULE-0009,,registry_extract,required,accepted,0
CHK-0084,PACK-0006,RULE-0010,,tax_registration_certificate,required,accepted,0
CHK-0085,PACK-0006,RULE-0011,,director_register,required,accepted,0
CHK-0086,PACK-0006,RULE-0012,,authorised_signatory_list,required,accepted,0
CHK-0087,PACK-0006,RULE-0013,,board_resolution,conditional,waived,0
CHK-0088,PACK-0006,RULE-0014,,ubo_declaration,required,accepted,0
CHK-0089,PACK-0006,RULE-0015,IND-0013,id_document,required,accepted,0
CHK-0090,PACK-0006,RULE-0015,IND-0014,id_document,required,accepted,0
CHK-0091,PACK-0006,RULE-0015,IND-0015,id_document,required,accepted,0
CHK-0092,PACK-0006,RULE-0016,IND-0013,proof_of_address,required,accepted,0
CHK-0093,PACK-0006,RULE-0016,IND-0014,proof_of_address,required,accepted,0
CHK-0094,PACK-0006,RULE-0016,IND-0015,proof_of_address,required,accepted,0
CHK-0095,PACK-0006,RULE-0017,IND-0013,liveness_selfie,conditional,waived,0
CHK-0096,PACK-0006,RULE-0017,IND-0014,liveness_selfie,conditional,waived,0
CHK-0097,PACK-0006,RULE-0018,,source_of_funds_declaration,required,accepted,0
CHK-0098,PACK-0006,RULE-0019,,business_activity_description,required,accepted,0
CHK-0099,PACK-0006,RULE-0020,,bank_statement,conditional,waived,0
CHK-0100,PACK-0007,RULE-0051,,certificate_of_incorporation,required,accepted,0
CHK-0101,PACK-0007,RULE-0052,,registry_extract,required,accepted,0
CHK-0102,PACK-0007,RULE-0053,,tax_registration_certificate,conditional,accepted,0
CHK-0103,PACK-0007,RULE-0054,,director_register,required,accepted,0
CHK-0104,PACK-0007,RULE-0055,,authorised_signatory_list,required,accepted,0
CHK-0105,PACK-0007,RULE-0056,,board_resolution,conditional,waived,0
CHK-0106,PACK-0007,RULE-0057,,ubo_declaration,required,accepted,0
CHK-0107,PACK-0007,RULE-0058,IND-0016,id_document,required,accepted,0
CHK-0108,PACK-0007,RULE-0058,IND-0017,id_document,required,accepted,0
CHK-0109,PACK-0007,RULE-0059,IND-0016,proof_of_address,required,accepted,0
CHK-0110,PACK-0007,RULE-0059,IND-0017,proof_of_address,required,accepted,0
CHK-0111,PACK-0007,RULE-0060,IND-0016,liveness_selfie,conditional,waived,0
CHK-0112,PACK-0007,RULE-0061,,source_of_funds_declaration,required,accepted,0
CHK-0113,PACK-0007,RULE-0062,,business_activity_description,required,accepted,0
CHK-0114,PACK-0007,RULE-0063,,bank_statement,conditional,accepted,0
CHK-0115,PACK-0008,RULE-0038,,certificate_of_incorporation,required,accepted,0
CHK-0116,PACK-0008,RULE-0039,,registry_extract,required,accepted,0
CHK-0117,PACK-0008,RULE-0040,,director_register,required,accepted,0
CHK-0118,PACK-0008,RULE-0041,,ubo_declaration,required,accepted,0
CHK-0119,PACK-0008,RULE-0042,,programme_business_plan,required,accepted,0
CHK-0120,PACK-0008,RULE-0043,,website_or_platform_details,required,accepted,0
CHK-0121,PACK-0009,RULE-0008,,certificate_of_incorporation,required,accepted,0
CHK-0122,PACK-0009,RULE-0009,,registry_extract,required,accepted,0
CHK-0123,PACK-0009,RULE-0010,,tax_registration_certificate,required,accepted,0
CHK-0124,PACK-0009,RULE-0011,,director_register,required,accepted,0
CHK-0125,PACK-0009,RULE-0012,,authorised_signatory_list,required,accepted,0
CHK-0126,PACK-0009,RULE-0013,,board_resolution,conditional,waived,0
CHK-0127,PACK-0009,RULE-0014,,ubo_declaration,required,accepted,0
CHK-0128,PACK-0009,RULE-0015,IND-0019,id_document,required,accepted,0
CHK-0129,PACK-0009,RULE-0015,IND-0020,id_document,required,accepted,0
CHK-0130,PACK-0009,RULE-0016,IND-0019,proof_of_address,required,accepted,0
CHK-0131,PACK-0009,RULE-0016,IND-0020,proof_of_address,required,accepted,0
CHK-0132,PACK-0009,RULE-0017,IND-0019,liveness_selfie,conditional,waived,0
CHK-0133,PACK-0009,RULE-0018,,source_of_funds_declaration,required,accepted,0
CHK-0134,PACK-0009,RULE-0019,,business_activity_description,required,accepted,0
CHK-0135,PACK-0009,RULE-0020,,bank_statement,conditional,waived,0
CHK-0136,PACK-0010,RULE-0064,,certificate_of_incorporation,required,accepted,0
CHK-0137,PACK-0010,RULE-0065,,registry_extract,required,accepted,0
CHK-0138,PACK-0010,RULE-0066,,tax_registration_certificate,conditional,waived,0
CHK-0139,PACK-0010,RULE-0067,,director_register,required,accepted,0
CHK-0140,PACK-0010,RULE-0068,,authorised_signatory_list,required,accepted,0
CHK-0141,PACK-0010,RULE-0069,,board_resolution,conditional,waived,0
CHK-0142,PACK-0010,RULE-0070,,ubo_declaration,required,accepted,0
CHK-0143,PACK-0010,RULE-0071,IND-0021,id_document,required,accepted,0
CHK-0144,PACK-0010,RULE-0071,IND-0022,id_document,required,accepted,0
CHK-0145,PACK-0010,RULE-0071,IND-0023,id_document,required,accepted,0
CHK-0146,PACK-0010,RULE-0072,IND-0021,proof_of_address,required,accepted,0
CHK-0147,PACK-0010,RULE-0072,IND-0022,proof_of_address,required,accepted,0
CHK-0148,PACK-0010,RULE-0072,IND-0023,proof_of_address,required,accepted,0
CHK-0149,PACK-0010,RULE-0073,IND-0021,liveness_selfie,conditional,waived,0
CHK-0150,PACK-0010,RULE-0073,IND-0022,liveness_selfie,conditional,waived,0
CHK-0151,PACK-0010,RULE-0074,,source_of_funds_declaration,required,accepted,0
CHK-0152,PACK-0010,RULE-0075,,business_activity_description,required,accepted,0
CHK-0153,PACK-0010,RULE-0076,,bank_statement,conditional,waived,0
CHK-0154,PACK-0010,RULE-0077,,ownership_chart,required,accepted,0
CHK-0155,PACK-0010,RULE-0078,,shareholder_register,required,accepted,0
CHK-0156,PACK-0010,RULE-0079,,nominee_trust_explanation,conditional,waived,0
CHK-0157,PACK-0010,RULE-0080,,source_of_wealth_statement,conditional,accepted,0
