item_id,document_id
CHK-0001,DOC-0001
CHK-0002,DOC-0002
CHK-0003,DOC-0003
CHK-0004,DOC-0004
CHK-0005,DOC-0005
CHK-0006,DOC-0006
CHK-0008,DOC-0007
CHK-0009,DOC-0008
CHK-0011,DOC-0009
CHK-0012,DOC-0010
CHK-0015,DOC-0011
CHK-0016,DOC-0012
CHK-0017,DOC-0013
CHK-0018,DOC-0014
CHK-0021,DOC-0015
CHK-0022,DOC-0016
CHK-0024,DOC-0017
CHK-0025,DOC-0018
CHK-0026,DOC-0019
CHK-0027,DOC-0020
CHK-0028,DOC-0021
CHK-0030,DOC-0022
CHK-0031,DOC-0023
CHK-0032,DOC-0024
CHK-0033,DOC-0025
CHK-0034,DOC-0026
CHK-0035,DOC-0027
CHK-0036,DOC-0028
CHK-0039,DOC-0029
CHK-0040,DOC-0030
CHK-0041,DOC-0031
CHK-0042,DOC-0032
CHK-0043,DOC-0033
CHK-0044,DOC-0034
CHK-0045,DOC-0035
CHK-0046,DOC-0036
CHK-0048,DOC-0037
CHK-0049,DOC-0040
CHK-0050,DOC-0041
CHK-0051,DOC-0042
CHK-0052,DOC-0043
CHK-0053,DOC-0044
CHK-0054,DOC-0045
CHK-0057,DOC-0046
CHK-0058,DOC-0047
CHK-0060,DOC-0038
CHK-0061,DOC-0039
CHK-0064,DOC-0048
CHK-0065,DOC-0049
CHK-0066,DOC-0050
CHK-0067,DOC-0051
CHK-0068,DOC-0052
CHK-0070,DOC-0053
CHK-0071,DOC-0054
CHK-0072,DOC-0055
CHK-0073,DOC-0056
CHK-0074,DOC-0057
CHK-0075,DOC-0058
CHK-0076,DOC-0059
CHK-0079,DOC-0060
CHK-0080,DOC-0061
CHK-0081,DOC-0062
CHK-0082,DOC-0063
CHK-0083,DOC-0064
CHK-0084,DOC-0065
CHK-0085,DOC-0066
CHK-0086,DOC-0067
CHK-0088,DOC-0068
CHK-0089,DOC-0069
CHK-0090,DOC-0070
CHK-0091,DOC-0071
CHK-0092,DOC-0072
CHK-0093,DOC-0073
CHK-0094,DOC-0074
CHK-0097,DOC-0075
CHK-0098,DOC-0076
CHK-0100,DOC-0077
CHK-0101,DOC-0078
CHK-0102,DOC-0079
CHK-0103,DOC-0080
CHK-0104,DOC-0081
CHK-0106,DOC-0082
CHK-0107,DOC-0083
CHK-0108,DOC-0084
CHK-0109,DOC-0085
CHK-0110,DOC-0086
CHK-0112,DOC-0087
CHK-0113,DOC-0088
CHK-0114,DOC-0089
CHK-0115,DOC-0090
CHK-0116,DOC-0091
CHK-0117,DOC-0092
CHK-0118,DOC-0093
CHK-0119,DOC-0094
CHK-0120,DOC-0095
CHK-0121,DOC-0096
CHK-0122,DOC-0097
CHK-0123,DOC-0098
CHK-0124,DOC-0099
CHK-0125,DOC-0100
CHK-0127,DOC-0101
CHK-0128,DOC-0102
CHK-0129,DOC-0103
CHK-0130,DOC-0104
CHK-0131,DOC-0105
CHK-0133,DOC-0106
CHK-0134,DOC-0107
CHK-0136,DOC-0108
CHK-0137,DOC-0109
CHK-0139,DOC-0110
CHK-0140,DOC-0111
CHK-0142,DOC-0112
CHK-0143,DOC-0115
CHK-0144,DOC-0116
CHK-0145,DOC-0117
CHK-0146,DOC-0118
CHK-0147,DOC-0119
CHK-0148,DOC-0120
CHK-0151,DOC-0121
CHK-0152,DOC-0122
CHK-0154,DOC-0113
CHK-0155,DOC-0114
CHK-0157,DOC-0123
CHK-0158,DOC-0124
CHK-0159,DOC-0125
CHK-0160,DOC-0126
CHK-0161,DOC-0127
CHK-0162,DOC-0128
CHK-0164,DOC-0129
CHK-0165,DOC-0130
CHK-0166,DOC-0131
CHK-0167,DOC-0132
CHK-0168,DOC-0133
CHK-0169,DOC-0134
CHK-0170,DOC-0135
CHK-0173,DOC-0136
CHK-0174,DOC-0137
CHK-0176,DOC-0138
CHK-0177,DOC-0139
CHK-0178,DOC-0140
CHK-0179,DOC-0141
CHK-0180,DOC-0142
CHK-0182,DOC-0143
CHK-0183,DOC-0144
CHK-0184,DOC-0145
CHK-0185,DOC-0146
CHK-0186,DOC-0147
CHK-0188,DOC-0148
CHK-0189,DOC-0149
CHK-0191,DOC-0150
CHK-0192,DOC-0151
CHK-0193,DOC-0152
CHK-0194,DOC-0153
CHK-0195,DOC-0154
CHK-0197,DOC-0155
CHK-0198,DOC-0156
CHK-0199,DOC-0157
CHK-0200,DOC-0158
CHK-0201,DOC-0159
CHK-0202,DOC-0160
CHK-0203,DOC-0161
CHK-0206,DOC-0162
CHK-0207,DOC-0163
CHK-0209,DOC-0164
CHK-0210,DOC-0165
CHK-0211,DOC-0166
CHK-0213,DOC-0167
CHK-0214,DOC-0168
