communication_id,case_id,template_id,audience,message_type,approval_status,sent_status,rendered_text,created_at
COM-0001,WAL-ONB-0001,TPL-0005,applicant,status_update,approved,sent,"Hello Kaari Mets, we have received your application for Mets Design Studio and all of the documents we asked for. Your case reference is WAL-ONB-0001. Your application is now with our onboarding team and we will let you know as soon as the review is complete.",2026-09-01T09:34:00Z
COM-0002,WAL-ONB-0002,TPL-0001,applicant,resubmission_request,approved,sent,"Hello Denton Halliwell, thank you for your application for Northbridge Craft Supplies Ltd (reference WAL-ONB-0002). To continue we need the following items: a clear colour scan or photograph of the passport or national identity card for Denton Halliwell, because the copy we received could not be read; and the completed beneficial ownership declaration for the company. Please upload them in the onboarding portal. If anything is unclear, reply to this message and our onboarding team will help.",2026-09-02T10:55:00Z
COM-0003,WAL-ONB-0003,TPL-0002,applicant,clarification_request,approved,sent,"Hello Marcus Ellersby, we are completing the company checks for Calderwick Logistics Ltd (reference WAL-ONB-0003). The registered address held on the official company register does not appear to be the same as the address on the documents you submitted. Please confirm the current registered address and upload a document that shows it.",2026-09-03T13:23:00Z
COM-0004,WAL-ONB-0003,TPL-0008,analyst,internal_case_summary,approved,sent,"Internal case summary for WAL-ONB-0003 (Calderwick Logistics Ltd). Registry returned result review: number and director match, address mismatch. Risk band medium, score 38. Outstanding item: written confirmation of the registered address. Clarification request issued under TPL-0002. Not for disclosure to the applicant.",2026-09-03T13:30:00Z
COM-0005,WAL-ONB-0004,TPL-0003,applicant,additional_information_request,approved,sent,"Hello Lembit Vaher, to complete the company verification for Vestmark Nordic OU (reference WAL-ONB-0004) we need a clearer picture of the ownership structure. Please upload a complete ownership chart showing every intermediate company and the individuals who ultimately own or control Vestmark Nordic OU, together with a source-of-wealth statement for the individual holding shares through those companies.",2026-09-07T12:15:00Z
COM-0006,WAL-ONB-0004,TPL-0006,applicant,verification_delay,pending_approval,not_sent,"Hello Lembit Vaher, the checks on your application for Vestmark Nordic OU (reference WAL-ONB-0004) are taking a little longer than usual. No action is needed from you. We will update you again within three working days.",2026-09-07T12:22:00Z
COM-0007,WAL-ONB-0005,TPL-0004,applicant,manual_review_underway,approved,sent,"Hello Gareth Pennyfold, your application for Quillon Marine Services Ltd (reference WAL-ONB-0005) is with our onboarding team for an additional manual review step. No further documents are needed from you at this time. We will contact you as soon as this step is complete.",2026-09-10T10:27:00Z
COM-0008,WAL-ONB-0005,TPL-0008,analyst,internal_case_summary,approved,sent,"Internal case summary for WAL-ONB-0005 (Quillon Marine Services Ltd). Risk band high, score 72. Screening on the 55 percent beneficial owner returned a PEP match with moderate adverse media; sanctions no match. Enhanced due diligence opened by compliance. Applicant contact is limited to the generic manual-review template. Not for disclosure to the applicant.",2026-09-10T10:34:00Z
COM-0009,WAL-ONB-0006,TPL-0004,applicant,manual_review_underway,approved,sent,"Hello Rasmus Kalda, your application for Saarvik Metall OU (reference WAL-ONB-0006) is with our onboarding team for an additional manual review step. No further documents are needed from you at this time. We will contact you as soon as this step is complete.",2026-09-14T10:55:00Z
COM-0010,WAL-ONB-0006,TPL-0009,compliance,internal_escalation_note,approved,sent,Internal escalation note for WAL-ONB-0006 (Saarvik Metall OU). Routed to MLRO queue - Wallester AS. Automated progression is blocked pending compliance review. Not for disclosure to the applicant.,2026-09-14T11:02:00Z
COM-0011,WAL-ONB-0007,TPL-0004,applicant,manual_review_underway,approved,sent,"Hello Nigel Braithwaite-Cole, your application for Bramforth Aggregates Ltd (reference WAL-ONB-0007) is with our onboarding team for an additional manual review step. No further documents are needed from you at this time. We will contact you as soon as this step is complete.",2026-09-16T15:03:00Z
COM-0012,WAL-ONB-0007,TPL-0009,compliance,internal_escalation_note,approved,sent,Internal escalation note for WAL-ONB-0007 (Bramforth Aggregates Ltd). Routed to Financial crime review team - Wallester UK Ltd. Automated progression is blocked pending compliance review. Not for disclosure to the applicant.,2026-09-16T15:10:00Z
COM-0013,WAL-ONB-0008,TPL-0010,applicant,white_label_intake_acknowledgement,approved,sent,"Hello Marek Tonisson, thank you for the partner programme enquiry for Kestrel Pay Partners OU (reference WAL-ONB-0008). Your company documents have been received. Partner programme onboarding is handled by our programme delivery team, who will contact you about the next steps.",2026-09-18T11:09:00Z
COM-0014,WAL-ONB-0009,TPL-0007,applicant,approval_notification,approved,sent,"Hello Katrin Ilves, good news. The Wallester Business account for Parnu Kohviubade OU (reference WAL-ONB-0009) has been approved. You can sign in to the portal to order your first cards and invite users.",2026-09-19T11:06:00Z
COM-0015,WAL-ONB-0010,TPL-0005,applicant,status_update,approved,sent,"Hello Imogen Skellow, we have received your application for Thornbury Analytics Ltd and all of the documents we asked for. Your case reference is WAL-ONB-0010. Your application is now with our onboarding team and we will let you know as soon as the review is complete.",2026-09-21T15:39:00Z
