document_id,case_id,subject_individual_id,document_type,file_name,upload_time,quality_status,quality_flags,expiry_date,issue_country,resubmission_required,resubmission_reasons
DOC-0001,WAL-ONB-0001,,registry_extract,ee_fie_registry_extract_mets.pdf,2026-09-01T08:47:00Z,accepted_for_checks,,,EE,false,
DOC-0002,WAL-ONB-0001,IND-0001,id_document,passport_mets_k.jpg,2026-09-01T08:49:00Z,accepted_for_checks,,2031-04-18,EE,false,
DOC-0003,WAL-ONB-0001,IND-0001,proof_of_address,utility_bill_aug2026_mets.pdf,2026-09-01T08:51:00Z,accepted_for_checks,,,EE,false,
DOC-0004,WAL-ONB-0001,IND-0001,liveness_selfie,liveness_capture_20260901_mets.jpg,2026-09-01T08:53:00Z,accepted_for_checks,,,,false,
DOC-0005,WAL-ONB-0001,,source_of_funds_declaration,source_of_funds_mets.pdf,2026-09-01T08:55:00Z,accepted_for_checks,,,,false,
DOC-0006,WAL-ONB-0001,,business_activity_description,business_activity_mets.pdf,2026-09-01T08:57:00Z,accepted_for_checks,,,,false,
DOC-0007,WAL-ONB-0002,,certificate_of_incorporation,cert_incorporation_northbridge.pdf,2026-09-02T10:12:00Z,accepted_for_checks,,,GB,false,
DOC-0008,WAL-ONB-0002,,registry_extract,registry_extract_northbridge.pdf,2026-09-02T10:14:00Z,accepted_for_checks,,,GB,false,
DOC-0009,WAL-ONB-0002,,director_register,director_register_northbridge.pdf,2026-09-02T10:16:00Z,accepted_for_checks,,,,false,
DOC-0010,WAL-ONB-0002,,authorised_signatory_list,signatory_list_northbridge.pdf,2026-09-02T10:18:00Z,accepted_for_checks,,,,false,
DOC-0011,WAL-ONB-0002,IND-0002,id_document,director_id_halliwell_scan.jpg,2026-09-02T10:20:00Z,resubmission_required,blurred_unreadable,,,true,document_unreadable
DOC-0012,WAL-ONB-0002,IND-0003,id_document,passport_nankivell_p.jpg,2026-09-02T10:22:00Z,accepted_for_checks,,2029-09-30,GB,false,
DOC-0013,WAL-ONB-0002,IND-0002,proof_of_address,poa_halliwell_jul2026.pdf,2026-09-02T10:24:00Z,accepted_for_checks,,,GB,false,
DOC-0014,WAL-ONB-0002,IND-0003,proof_of_address,poa_nankivell_aug2026.pdf,2026-09-02T10:26:00Z,accepted_for_checks,,,GB,false,
DOC-0015,WAL-ONB-0002,,source_of_funds_declaration,source_of_funds_northbridge.pdf,2026-09-02T10:28:00Z,accepted_for_checks,,,,false,
DOC-0016,WAL-ONB-0002,,business_activity_description,business_activity_northbridge.pdf,2026-09-02T10:30:00Z,accepted_for_checks,,,,false,
DOC-0017,WAL-ONB-0003,,certificate_of_incorporation,cert_incorporation_calderwick.pdf,2026-09-03T11:37:00Z,accepted_for_checks,,,GB,false,
DOC-0018,WAL-ONB-0003,,registry_extract,registry_extract_calderwick.pdf,2026-09-03T11:39:00Z,accepted_for_checks,,,GB,false,
DOC-0019,WAL-ONB-0003,,tax_registration_certificate,vat_certificate_calderwick.pdf,2026-09-03T11:41:00Z,accepted_for_checks,,,,false,
DOC-0020,WAL-ONB-0003,,director_register,director_register_calderwick.pdf,2026-09-03T11:43:00Z,accepted_for_checks,,,,false,
DOC-0021,WAL-ONB-0003,,authorised_signatory_list,signatory_list_calderwick.pdf,2026-09-03T11:45:00Z,accepted_for_checks,,,,false,
DOC-0022,WAL-ONB-0003,,ubo_declaration,ubo_declaration_calderwick.pdf,2026-09-03T11:47:00Z,accepted_for_checks,,,,false,
DOC-0023,WAL-ONB-0003,IND-0004,id_document,passport_ellersby_m.jpg,2026-09-03T11:49:00Z,accepted_for_checks,,2030-02-14,GB,false,
DOC-0024,WAL-ONB-0003,IND-0005,id_document,passport_delamere_r.jpg,2026-09-03T11:51:00Z,accepted_for_checks,,2032-07-06,IE,false,
DOC-0025,WAL-ONB-0003,IND-0006,id_document,passport_kellingray_t.jpg,2026-09-03T11:53:00Z,accepted_for_checks,,2028-11-30,GB,false,
DOC-0026,WAL-ONB-0003,IND-0004,proof_of_address,poa_ellersby_aug2026.pdf,2026-09-03T11:55:00Z,accepted_for_checks,,,GB,false,
DOC-0027,WAL-ONB-0003,IND-0005,proof_of_address,poa_delamere_aug2026.pdf,2026-09-03T11:57:00Z,accepted_for_checks,,,GB,false,
DOC-0028,WAL-ONB-0003,IND-0006,proof_of_address,poa_kellingray_jul2026.pdf,2026-09-03T11:59:00Z,accepted_for_checks,,,GB,false,
DOC-0029,WAL-ONB-0003,,source_of_funds_declaration,source_of_funds_calderwick.pdf,2026-09-03T12:01:00Z,accepted_for_checks,,,,false,
DOC-0030,WAL-ONB-0003,,business_activity_description,business_activity_calderwick.pdf,2026-09-03T12:03:00Z,accepted_for_checks,,,,false,
DOC-0031,WAL-ONB-0003,,bank_statement,bank_statement_calderwick_aug2026.pdf,2026-09-03T12:05:00Z,accepted_for_checks,,,,false,
DOC-0032,WAL-ONB-0004,,certificate_of_incorporation,cert_incorporation_vestmark.pdf,2026-09-07T10:32:00Z,accepted_for_checks,,,EE,false,
DOC-0033,WAL-ONB-0004,,registry_extract,registry_extract_vestmark.pdf,2026-09-07T10:34:00Z,accepted_for_checks,,,EE,false,
DOC-0034,WAL-ONB-0004,,tax_registration_certificate,tax_registration_vestmark.pdf,2026-09-07T10:36:00Z,accepted_for_checks,,,,false,
DOC-0035,WAL-ONB-0004,,director_register,director_register_vestmark.pdf,2026-09-07T10:38:00Z,accepted_for_checks,,,,false,
DOC-0036,WAL-ONB-0004,,authorised_signatory_list,signatory_list_vestmark.pdf,2026-09-07T10:40:00Z,accepted_for_checks,,,,false,
DOC-0037,WAL-ONB-0004,,ubo_declaration,ubo_declaration_vestmark.pdf,2026-09-07T10:42:00Z,accepted_for_checks,,,,false,
DOC-0038,WAL-ONB-0004,,ownership_chart,ownership_chart_vestmark.pdf,2026-09-07T10:44:00Z,manual_review_required,missing_pages,,,false,ownership_structure_unclear
DOC-0039,WAL-ONB-0004,,shareholder_register,shareholder_register_vestmark.pdf,2026-09-07T10:46:00Z,accepted_for_checks,,,,false,
DOC-0040,WAL-ONB-0004,IND-0007,id_document,id_card_vaher_l.jpg,2026-09-07T10:48:00Z,accepted_for_checks,,2029-05-22,EE,false,
DOC-0041,WAL-ONB-0004,IND-0008,id_document,id_card_sormus_a.jpg,2026-09-07T10:50:00Z,accepted_for_checks,,2031-01-09,EE,false,
DOC-0042,WAL-ONB-0004,IND-0009,id_document,passport_halvorsen_r.jpg,2026-09-07T10:52:00Z,accepted_for_checks,,2030-08-17,NO,false,
DOC-0043,WAL-ONB-0004,IND-0007,proof_of_address,poa_vaher_aug2026.pdf,2026-09-07T10:54:00Z,accepted_for_checks,,,EE,false,
DOC-0044,WAL-ONB-0004,IND-0008,proof_of_address,poa_sormus_aug2026.pdf,2026-09-07T10:56:00Z,accepted_for_checks,,,EE,false,
DOC-0045,WAL-ONB-0004,IND-0009,proof_of_address,poa_halvorsen_jul2026.pdf,2026-09-07T10:58:00Z,accepted_for_checks,,,NO,false,
DOC-0046,WAL-ONB-0004,,source_of_funds_declaration,source_of_funds_vestmark.pdf,2026-09-07T11:00:00Z,accepted_for_checks,,,,false,
DOC-0047,WAL-ONB-0004,,business_activity_description,business_activity_vestmark.pdf,2026-09-07T11:02:00Z,accepted_for_checks,,,,false,
DOC-0048,WAL-ONB-0005,,certificate_of_incorporation,cert_incorporation_quillon.pdf,2026-09-10T09:22:00Z,accepted_for_checks,,,GB,false,
DOC-0049,WAL-ONB-0005,,registry_extract,registry_extract_quillon.pdf,2026-09-10T09:24:00Z,accepted_for_checks,,,GB,false,
DOC-0050,WAL-ONB-0005,,tax_registration_certificate,vat_certificate_quillon.pdf,2026-09-10T09:26:00Z,accepted_for_checks,,,,false,
DOC-0051,WAL-ONB-0005,,director_register,director_register_quillon.pdf,2026-09-10T09:28:00Z,accepted_for_checks,,,,false,
DOC-0052,WAL-ONB-0005,,authorised_signatory_list,signatory_list_quillon.pdf,2026-09-10T09:30:00Z,accepted_for_checks,,,,false,
DOC-0053,WAL-ONB-0005,,ubo_declaration,ubo_declaration_quillon.pdf,2026-09-10T09:32:00Z,accepted_for_checks,,,,false,
DOC-0054,WAL-ONB-0005,IND-0010,id_document,passport_pennyfold_g.jpg,2026-09-10T09:34:00Z,accepted_for_checks,,2029-12-04,GB,false,
DOC-0055,WAL-ONB-0005,IND-0011,id_document,passport_carrasco_bell_i.jpg,2026-09-10T09:36:00Z,accepted_for_checks,,2031-03-21,ES,false,
DOC-0056,WAL-ONB-0005,IND-0012,id_document,passport_vantano_a.jpg,2026-09-10T09:38:00Z,accepted_for_checks,,2028-06-19,IT,false,
DOC-0057,WAL-ONB-0005,IND-0010,proof_of_address,poa_pennyfold_aug2026.pdf,2026-09-10T09:40:00Z,accepted_for_checks,,,GB,false,
DOC-0058,WAL-ONB-0005,IND-0011,proof_of_address,poa_carrasco_bell_aug2026.pdf,2026-09-10T09:42:00Z,accepted_for_checks,,,GB,false,
DOC-0059,WAL-ONB-0005,IND-0012,proof_of_address,poa_vantano_aug2026.pdf,2026-09-10T09:44:00Z,accepted_for_checks,,,MT,false,
DOC-0060,WAL-ONB-0005,,source_of_funds_declaration,source_of_funds_quillon.pdf,2026-09-10T09:46:00Z,accepted_for_checks,,,,false,
DOC-0061,WAL-ONB-0005,,business_activity_description,business_activity_quillon.pdf,2026-09-10T09:48:00Z,accepted_for_checks,,,,false,
DOC-0062,WAL-ONB-0005,,bank_statement,bank_statement_quillon_aug2026.pdf,2026-09-10T09:50:00Z,accepted_for_checks,,,,false,
DOC-0063,WAL-ONB-0006,,certificate_of_incorporation,cert_incorporation_saarvik.pdf,2026-09-14T09:52:00Z,accepted_for_checks,,,EE,false,
DOC-0064,WAL-ONB-0006,,registry_extract,registry_extract_saarvik.pdf,2026-09-14T09:54:00Z,accepted_for_checks,,,EE,false,
DOC-0065,WAL-ONB-0006,,tax_registration_certificate,tax_registration_saarvik.pdf,2026-09-14T09:56:00Z,accepted_for_checks,,,,false,
DOC-0066,WAL-ONB-0006,,director_register,director_register_saarvik.pdf,2026-09-14T09:58:00Z,accepted_for_checks,,,,false,
DOC-0067,WAL-ONB-0006,,authorised_signatory_list,signatory_list_saarvik.pdf,2026-09-14T10:00:00Z,accepted_for_checks,,,,false,
DOC-0068,WAL-ONB-0006,,ubo_declaration,ubo_declaration_saarvik.pdf,2026-09-14T10:02:00Z,accepted_for_checks,,,,false,
DOC-0069,WAL-ONB-0006,IND-0013,id_document,id_card_kalda_r.jpg,2026-09-14T10:04:00Z,accepted_for_checks,,2030-04-02,EE,false,
DOC-0070,WAL-ONB-0006,IND-0014,id_document,id_card_lepik_t.jpg,2026-09-14T10:06:00Z,accepted_for_checks,,2029-08-14,EE,false,
DOC-0071,WAL-ONB-0006,IND-0015,id_document,id_card_magiste_o.jpg,2026-09-14T10:08:00Z,accepted_for_checks,,2031-06-25,EE,false,
DOC-0072,WAL-ONB-0006,IND-0013,proof_of_address,poa_kalda_sep2026.pdf,2026-09-14T10:10:00Z,accepted_for_checks,,,EE,false,
DOC-0073,WAL-ONB-0006,IND-0014,proof_of_address,poa_lepik_aug2026.pdf,2026-09-14T10:12:00Z,accepted_for_checks,,,EE,false,
DOC-0074,WAL-ONB-0006,IND-0015,proof_of_address,poa_magiste_aug2026.pdf,2026-09-14T10:14:00Z,accepted_for_checks,,,EE,false,
DOC-0075,WAL-ONB-0006,,source_of_funds_declaration,source_of_funds_saarvik.pdf,2026-09-14T10:16:00Z,accepted_for_checks,,,,false,
DOC-0076,WAL-ONB-0006,,business_activity_description,business_activity_saarvik.pdf,2026-09-14T10:18:00Z,accepted_for_checks,,,,false,
DOC-0077,WAL-ONB-0007,,certificate_of_incorporation,cert_incorporation_bramforth.pdf,2026-09-16T14:02:00Z,accepted_for_checks,,,GB,false,
DOC-0078,WAL-ONB-0007,,registry_extract,registry_extract_bramforth.pdf,2026-09-16T14:04:00Z,accepted_for_checks,,,GB,false,
DOC-0079,WAL-ONB-0007,,tax_registration_certificate,vat_certificate_bramforth.pdf,2026-09-16T14:06:00Z,accepted_for_checks,,,,false,
DOC-0080,WAL-ONB-0007,,director_register,director_register_bramforth_scan.pdf,2026-09-16T14:08:00Z,accepted_for_checks,,,,false,
DOC-0081,WAL-ONB-0007,,authorised_signatory_list,signatory_list_bramforth.pdf,2026-09-16T14:10:00Z,accepted_for_checks,,,,false,
DOC-0082,WAL-ONB-0007,,ubo_declaration,ubo_declaration_bramforth.pdf,2026-09-16T14:12:00Z,accepted_for_checks,,,,false,
DOC-0083,WAL-ONB-0007,IND-0016,id_document,passport_braithwaite_cole_n.jpg,2026-09-16T14:14:00Z,accepted_for_checks,,2030-10-08,GB,false,
DOC-0084,WAL-ONB-0007,IND-0017,id_document,passport_quist_f.jpg,2026-09-16T14:16:00Z,accepted_for_checks,,2032-01-30,GB,false,
DOC-0085,WAL-ONB-0007,IND-0016,proof_of_address,poa_braithwaite_cole_aug2026.pdf,2026-09-16T14:18:00Z,accepted_for_checks,,,GB,false,
DOC-0086,WAL-ONB-0007,IND-0017,proof_of_address,poa_quist_aug2026.pdf,2026-09-16T14:20:00Z,accepted_for_checks,,,GB,false,
DOC-0087,WAL-ONB-0007,,source_of_funds_declaration,source_of_funds_bramforth.pdf,2026-09-16T14:22:00Z,accepted_for_checks,,,,false,
DOC-0088,WAL-ONB-0007,,business_activity_description,business_activity_bramforth.pdf,2026-09-16T14:24:00Z,accepted_for_checks,,,,false,
DOC-0089,WAL-ONB-0007,,bank_statement,bank_statement_bramforth_aug2026.pdf,2026-09-16T14:26:00Z,accepted_for_checks,,,,false,
DOC-0090,WAL-ONB-0008,,certificate_of_incorporation,cert_incorporation_kestrel.pdf,2026-09-18T10:42:00Z,accepted_for_checks,,,EE,false,
DOC-0091,WAL-ONB-0008,,registry_extract,registry_extract_kestrel.pdf,2026-09-18T10:44:00Z,accepted_for_checks,,,EE,false,
DOC-0092,WAL-ONB-0008,,director_register,director_register_kestrel.pdf,2026-09-18T10:46:00Z,accepted_for_checks,,,,false,
DOC-0093,WAL-ONB-0008,,ubo_declaration,ubo_declaration_kestrel.pdf,2026-09-18T10:48:00Z,accepted_for_checks,,,,false,
DOC-0094,WAL-ONB-0008,,programme_business_plan,programme_business_plan_kestrel.pdf,2026-09-18T10:50:00Z,accepted_for_checks,,,,false,
DOC-0095,WAL-ONB-0008,,website_or_platform_details,platform_details_kestrel.pdf,2026-09-18T10:52:00Z,accepted_for_checks,,,,false,
DOC-0096,WAL-ONB-0009,,certificate_of_incorporation,cert_incorporation_parnu.pdf,2026-09-19T09:32:00Z,accepted_for_checks,,,EE,false,
DOC-0097,WAL-ONB-0009,,registry_extract,registry_extract_parnu.pdf,2026-09-19T09:34:00Z,accepted_for_checks,,,EE,false,
DOC-0098,WAL-ONB-0009,,tax_registration_certificate,tax_registration_parnu.pdf,2026-09-19T09:36:00Z,accepted_for_checks,,,,false,
DOC-0099,WAL-ONB-0009,,director_register,director_register_parnu.pdf,2026-09-19T09:38:00Z,accepted_for_checks,,,,false,
DOC-0100,WAL-ONB-0009,,authorised_signatory_list,signatory_list_parnu.pdf,2026-09-19T09:40:00Z,accepted_for_checks,,,,false,
DOC-0101,WAL-ONB-0009,,ubo_declaration,ubo_declaration_parnu.pdf,2026-09-19T09:42:00Z,accepted_for_checks,,,,false,
DOC-0102,WAL-ONB-0009,IND-0019,id_document,id_card_ilves_k.jpg,2026-09-19T09:44:00Z,accepted_for_checks,,2030-09-12,EE,false,
DOC-0103,WAL-ONB-0009,IND-0020,id_document,id_card_roosaar_m.jpg,2026-09-19T09:46:00Z,accepted_for_checks,,2029-11-03,EE,false,
DOC-0104,WAL-ONB-0009,IND-0019,proof_of_address,poa_ilves_sep2026.pdf,2026-09-19T09:48:00Z,accepted_for_checks,,,EE,false,
DOC-0105,WAL-ONB-0009,IND-0020,proof_of_address,poa_roosaar_aug2026.pdf,2026-09-19T09:50:00Z,accepted_for_checks,,,EE,false,
DOC-0106,WAL-ONB-0009,,source_of_funds_declaration,source_of_funds_parnu.pdf,2026-09-19T09:52:00Z,accepted_for_checks,,,,false,
DOC-0107,WAL-ONB-0009,,business_activity_description,business_activity_parnu.pdf,2026-09-19T09:54:00Z,accepted_for_checks,,,,false,
DOC-0108,WAL-ONB-0010,,certificate_of_incorporation,cert_incorporation_thornbury.pdf,2026-09-21T14:32:00Z,accepted_for_checks,,,GB,false,
DOC-0109,WAL-ONB-0010,,registry_extract,registry_extract_thornbury.pdf,2026-09-21T14:34:00Z,accepted_for_checks,,,GB,false,
DOC-0110,WAL-ONB-0010,,director_register,director_register_thornbury.pdf,2026-09-21T14:36:00Z,accepted_for_checks,,,,false,
DOC-0111,WAL-ONB-0010,,authorised_signatory_list,signatory_list_thornbury.pdf,2026-09-21T14:38:00Z,accepted_for_checks,,,,false,
DOC-0112,WAL-ONB-0010,,ubo_declaration,ubo_declaration_thornbury.pdf,2026-09-21T14:40:00Z,accepted_for_checks,,,,false,
DOC-0113,WAL-ONB-0010,,ownership_chart,ownership_chart_thornbury.pdf,2026-09-21T14:42:00Z,accepted_for_checks,,,,false,
DOC-0114,WAL-ONB-0010,,shareholder_register,shareholder_register_thornbury.pdf,2026-09-21T14:44:00Z,accepted_for_checks,,,,false,
DOC-0115,WAL-ONB-0010,IND-0021,id_document,passport_skellow_i.jpg,2026-09-21T14:46:00Z,accepted_for_checks,,2031-05-16,GB,false,
DOC-0116,WAL-ONB-0010,IND-0022,id_document,passport_pryde_nash_c.jpg,2026-09-21T14:48:00Z,accepted_for_checks,,2029-04-27,GB,false,
DOC-0117,WAL-ONB-0010,IND-0023,id_document,passport_marchbank_h.jpg,2026-09-21T14:50:00Z,accepted_for_checks,,2030-02-09,GB,false,
DOC-0118,WAL-ONB-0010,IND-0021,proof_of_address,poa_skellow_sep2026.pdf,2026-09-21T14:52:00Z,accepted_for_checks,,,GB,false,
DOC-0119,WAL-ONB-0010,IND-0022,proof_of_address,poa_pryde_nash_aug2026.pdf,2026-09-21T14:54:00Z,accepted_for_checks,,,GB,false,
DOC-0120,WAL-ONB-0010,IND-0023,proof_of_address,poa_marchbank_sep2026.pdf,2026-09-21T14:56:00Z,accepted_for_checks,,,GB,false,
DOC-0121,WAL-ONB-0010,,source_of_funds_declaration,source_of_funds_thornbury.pdf,2026-09-21T14:58:00Z,accepted_for_checks,,,,false,
DOC-0122,WAL-ONB-0010,,business_activity_description,business_activity_thornbury.pdf,2026-09-21T15:00:00Z,accepted_for_checks,,,,false,
DOC-0123,WAL-ONB-0010,,source_of_wealth_statement,source_of_wealth_marchbank.pdf,2026-09-21T15:02:00Z,accepted_for_checks,,,,false,
