evidence_pack_id,case_id,assessment_id,decision_id,generated_at,applicant_summary,missing_or_conflicting_evidence,recommended_next_action,draft_compliance_narrative
EVP-0001,WAL-ONB-0001,RSK-0001,,2026-09-01T09:30:00Z,"Kaari Mets trading as Mets Design Studio, Estonian sole trader EE-FIE-4410932, freelance graphic design, one card requested, expected spend 4000 EUR per month. Sole trader is the only individual associated with the application.",,approve,"All mandatory requirement-pack items are satisfied at first submission. Registry confirms an active sole-trader registration with matching name, number and address. Identity verification returned pass on document, liveness, biometric and address components with a name and date-of-birth match. Screening returned no sanctions, PEP or adverse-media findings for the entity or the individual. Risk band low at score 12. No factor in the assessment requires enhanced due diligence. Recommended for approval under the low-risk path, subject to the reviewer confirming Wallester policy on sole-trader approval authority."
EVP-0002,WAL-ONB-0002,RSK-0002,,2026-09-02T10:51:00Z,"Northbridge Craft Supplies Ltd, UK private limited company UK-99010288, wholesale craft supplies, two registered directors, up to 12 cards requested.","Director identity document for IND-0002 (DOC-0011) rejected at pre-screen as unreadable; UBO declaration not submitted; no registry, identity or screening evidence available because provider checks were suppressed.",request_more_information,"The case cannot be assessed. Two mandatory requirement-pack items are outstanding: a readable identity document for director IND-0002 and the beneficial ownership declaration for the company. In line with the configured policy, no paid registry, identity or screening calls were commissioned while mandatory evidence is incomplete. The risk band is recorded as insufficient_evidence rather than low; the absence of adverse findings here reflects the absence of checks, not a clean result. A resubmission request has been issued to the applicant and the case is held with the customer."
EVP-0003,WAL-ONB-0003,RSK-0003,DEC-0001,2026-09-03T12:44:00Z,"Calderwick Logistics Ltd, UK private limited company UK-99014477, road freight, two directors, one 60 percent direct beneficial owner, 30 fuel cards requested at around 60000 GBP per month.","Registered address on the company register (Unit 7 Calderwick Way, Leeds LS12 4QT) conflicts with the address on the certificate of incorporation supplied by the applicant (14 Marlow Court, Leeds LS11 9RB). Source field extracted at 0.58 confidence and corrected by an analyst.",request_more_information,"Entity existence, registration number, directors and beneficial ownership are all corroborated by the registry record. One conflict remains: the registered address on the register does not match the address on the applicant's certificate of incorporation. The underlying field was extracted at low confidence and was corrected by an analyst before comparison, so the mismatch is a genuine data conflict rather than an extraction artefact. Identity checks passed for all three individuals and screening returned no findings. Risk band medium at score 38, driven by the unresolved address conflict alone. Recommended action is to request written confirmation of the current registered address with supporting evidence before the case proceeds to decision."
EVP-0004,WAL-ONB-0004,RSK-0004,DEC-0002,2026-09-07T11:42:00Z,"Vestmark Nordic OU, Estonian private limited company EE-90012345, marine equipment distribution, two directors, one verified 24.5 percent direct holding and one declared 31.5 percent indirect holding through two intermediate companies.","Ownership chart (DOC-0038) incomplete: pages missing, routed to manual review. Registry does not support the declared indirect beneficial ownership (REG-0003). Source-of-wealth statement required by the triggered conditional rule has not been received. Indirect ownership path extracted at 0.41 confidence.",enhanced_due_diligence,"The entity itself is corroborated: active status, matching name, number, address and directors. Beneficial ownership is not. The declaration states a 31.5 percent indirect holding through Harboe Holdings OU and Lindval Mid Holdings SA, but the registry shows only the immediate corporate shareholder and does not support the chain. The ownership chart submitted to evidence the chain is incomplete and has been routed to manual review, and the path itself was extracted at 0.41 confidence. Screening and identity checks returned no findings, so the risk here is structural opacity rather than an adverse finding. Risk band high at score 66. Enhanced due diligence is recommended: a complete ownership chart, a source-of-wealth statement for the indirect owner, and confirmation of the ownership percentage at each layer."
EVP-0005,WAL-ONB-0005,RSK-0005,DEC-0003,2026-09-10T10:23:00Z,"Quillon Marine Services Ltd, UK private limited company UK-99017733, offshore vessel chartering, two directors, one 55 percent direct beneficial owner resident in Malta, 40 cards requested at around 120000 GBP per month.","No missing documents. Open question: the source and current status of the beneficial owner's public position, and whether the moderate adverse-media reporting relates to the same individual.",enhanced_due_diligence,"Internal compliance narrative, not for disclosure to the applicant. Entity verification is clean: registry confirms active status with name, number, address and director matches, and beneficial ownership is supported by the register. Identity verification passed for all three individuals. Screening on the 55 percent beneficial owner IND-0012 returned a PEP match together with moderate-relevance adverse media; sanctions screening returned no match. Provider evidence references are SCREEN-REF-PEP-4471 and SCREEN-REF-MEDIA-9920. Under the configured matrix this produces risk band high at score 72 and mandatory human sign-off. PEP status does not by itself warrant rejection. Enhanced due diligence should establish the nature and currency of the position held, the source of wealth behind the 55 percent holding, and whether the adverse-media reporting concerns this individual. The orchestration layer has not cleared or dismissed either finding. Customer-facing communication is limited to the generic manual-review template."
EVP-0006,WAL-ONB-0006,RSK-0006,DEC-0004,2026-09-14T10:51:00Z,"Saarvik Metall OU, Estonian private limited company EE-90014782, metal fabrication, two registered directors, one 80 percent direct beneficial owner, 20 cards requested at around 45000 EUR per month.",No missing documents. Open item: the possible sanctions match on director IND-0013 has not been resolved as either a true match or a false positive.,escalate,"Internal compliance narrative, not for disclosure to the applicant. Entity and identity evidence are complete and consistent: registry returned active status with name, number, address and director matches, beneficial ownership is supported by the register, and all three individual identity checks passed. Screening returned a possible sanctions match on registered director IND-0013 with severity critical; provider evidence reference SCREEN-REF-SAN-2281. Sanctions screening on the entity and on the other two individuals returned no match. Under the configured matrix this produces risk band critical at score 88 with mandatory human sign-off. The orchestration layer has neither cleared nor dismissed the match and has stopped automated progression. The case requires compliance review to determine whether this is a true match or a false positive against the screened name and date of birth. Customer-facing communication has been restricted to the generic manual-review template with no reference to the reason for review."
EVP-0007,WAL-ONB-0007,RSK-0007,DEC-0005,2026-09-16T15:01:00Z,"Bramforth Aggregates Ltd, UK private limited company UK-99021560, construction aggregates and haulage, one sole registered director, one 45 percent direct beneficial owner, 25 cards requested at around 55000 GBP per month.",No missing documents. The director name on the scanned register was extracted at 0.64 confidence; it was corroborated against the identity document rather than corrected. Open item: relevance and currency of the adverse-media reporting.,escalate,"Internal compliance narrative, not for disclosure to the applicant. Entity verification is clean and both identity checks passed. Screening on the sole registered director IND-0016 returned serious adverse media at severity high; sanctions and PEP screening returned no match for any subject. Provider evidence references are SCREEN-REF-MEDIA-5514 and SCREEN-REF-MEDIA-5517. The reporting concerns alleged conduct in the applicant's own sector and, because the same individual is the only director and the only authorised signatory, there is no separation of control that would mitigate it. The findings are allegations and are recorded as such; the orchestration layer has not treated them as proven and has not dismissed them. Risk band high at score 74. The model recommended enhanced due diligence; the reviewer escalated instead, and the override reason is recorded on the decision. Customer contact is limited to the generic manual-review template."
EVP-0008,WAL-ONB-0009,RSK-0008,DEC-0006,2026-09-19T10:27:00Z,"Parnu Kohviubade OU, Estonian private limited company EE-90018321, coffee roasting and wholesale, one director, one 70 percent direct beneficial owner, 8 cards requested at around 9000 EUR per month.",,approve,"Control case with no exceptions. Every mandatory requirement-pack item was satisfied at first submission and no conditional rule was triggered. Registry returned active status with name, number, address and director matches and supports the declared beneficial ownership. Both identity checks passed on all components. Screening returned no sanctions, PEP or adverse-media findings for any subject. Risk band low at score 15. Approved by the assigned analyst; the decision is recorded even though the configured matrix did not mandate human sign-off at this band."
EVP-0009,WAL-ONB-0010,RSK-0009,,2026-09-21T15:35:00Z,"Thornbury Analytics Ltd, UK private limited company UK-99025819, data analytics consultancy, two directors, one 70 percent beneficial owner holding through a single UK holding company, 18 cards requested at around 22000 GBP per month.",,approve,"Control case for the complex-corporate path. The applicant is held through one intermediate company, so it takes the complex corporate requirement pack and an ownership chart and shareholder register were required; both were supplied and accepted. The chain is two layers deep but entirely transparent: Marchbank Holdings Ltd is active on the UK register and wholly owned by the 70 percent beneficial owner, and the registry check supports the beneficial ownership. This is the contrast against WAL-ONB-0004, where an indirect chain of the same shape was not supported by the register. Registry, identity and screening results are clean throughout. Risk band low at score 22, ready for the analyst decision."
EVP-0010,WAL-ONB-0011,RSK-0010,DEC-0007,2026-09-23T10:41:00Z,"Ardenhall Joinery Ltd, UK private limited company UK-99031147, bespoke joinery, two directors, one 65 percent direct beneficial owner, 10 cards requested at around 18000 GBP per month.",The registry extract supplied by the applicant shows the entity as active; the live register returns dissolved. The applicant's copy is the older record.,reject,"The paperwork is complete and internally consistent: name, number, address and directors all match the register, identity verification passed for all three individuals and screening returned nothing. The blocker is eligibility rather than risk. The live register records Ardenhall Joinery Ltd as dissolved, while the extract the applicant supplied shows it as active, which indicates the applicant is working from an older copy. A dissolved entity cannot be onboarded, so the recommendation is to reject and invite a fresh application if the company is restored to the register."
EVP-0011,WAL-ONB-0012,RSK-0011,DEC-0008,2026-09-24T09:57:00Z,"Solvarn Baltic OU, Estonian private limited company EE-90021455, industrial valve distribution, one director, one 80 percent direct beneficial owner, 16 cards requested at around 30000 EUR per month.","None on the documents. The open question is the sanctions match on the beneficial owner, which only a compliance officer can resolve.",escalate,"Internal compliance narrative, not for disclosure to the applicant. Entity verification is clean: the register returns active status with name, number, address and director matches and supports the declared ownership. Both identity checks passed. Screening on the 80 percent beneficial owner IND-0028 returned a confirmed sanctions match under provider reference SCREEN-REF-SAN-7714. Under the configured matrix this is critical and mandates compliance sign-off. No automated step has cleared, downgraded or re-run the match, and none may: only a compliance decision can resolve it. The case is escalated to the MLRO queue. Customer-facing communication is limited to the generic manual-review template and states no reason."
EVP-0012,WAL-ONB-0013,RSK-0012,DEC-0009,2026-09-25T11:36:00Z,"Pemberly Tooling Ltd, UK private limited company UK-99034820, precision tooling, two directors, one 55 percent direct beneficial owner, 14 cards requested at around 21000 GBP per month.","Identity verification for director IND-0029 failed on the document and biometric components with a name and date-of-birth mismatch, and the adverse-media provider returned no result for the same individual. Neither gap has been filled, so no risk band can be assigned.",insufficient_evidence,"Internal compliance narrative, not for disclosure to the applicant. This case is scored as insufficient evidence rather than high risk, and the distinction matters: nothing adverse was found about anyone. The register corroborates the entity on every compared field and two of the three identity checks passed cleanly. The identity check on director IND-0029 failed on the document and biometric components with a name and date-of-birth mismatch, which most often means a poor or mismatched identity document rather than an impersonation attempt. Separately the adverse-media provider did not answer for that individual under reference SCREEN-REF-MEDIA-UNAVAILABLE-3301, so an absence of findings cannot be relied on. A provider non-answer is not a pass. The case needs a fresh identity document from that director and a re-run of the media check before any decision is possible."
EVP-0013,WAL-ONB-0014,RSK-0013,,2026-09-26T12:42:00Z,"Elise Kaarma, Estonian sole trader EE-FIE-4471208, studio ceramics, one card requested at up to 1500 EUR per month.",Proof of address was supplied as a screenshot and was never replaced. No other item was outstanding.,withdrawn,"The case closed for want of one document. The proof of address was a screenshot of an online billing page rather than the original statement, which the pre-screen returned for resubmission. One request and one reminder were sent under approved templates and neither was answered. No registry, identity or screening check was ever commissioned, so no money was spent and nothing was assessed about the applicant. The case is closed as withdrawn and carries no adverse inference; a fresh application would start clean."
