template_id,message_type,audience,template_text,version,approval_status
TPL-0001,resubmission_request,applicant,"Hello {{contact_name}}, thank you for your application for {{applicant_name}} (reference {{case_id}}). To continue we need the following items: {{item_list}}. Please upload them in the onboarding portal. If anything is unclear, reply to this message and our onboarding team will help.",1.2,approved
TPL-0002,clarification_request,applicant,"Hello {{contact_name}}, we are completing the company checks for {{applicant_name}} (reference {{case_id}}). The registered address held on the official company register does not appear to be the same as the address on the documents you submitted. Please confirm the current registered address and upload a document that shows it.",1.1,approved
TPL-0003,additional_information_request,applicant,"Hello {{contact_name}}, to complete the company verification for {{applicant_name}} (reference {{case_id}}) we need a clearer picture of the ownership structure. Please upload a complete ownership chart showing every intermediate company and the individuals who ultimately own or control {{applicant_name}}, together with {{item_list}}.",1.3,approved
TPL-0004,manual_review_underway,applicant,"Hello {{contact_name}}, your application for {{applicant_name}} (reference {{case_id}}) is with our onboarding team for an additional manual review step. No further documents are needed from you at this time. We will contact you as soon as this step is complete.",1.4,approved
TPL-0005,status_update,applicant,"Hello {{contact_name}}, we have received your application for {{applicant_name}} and all of the documents we asked for. Your case reference is {{case_id}}. Your application is now with our onboarding team and we will let you know as soon as the review is complete.",1.1,approved
TPL-0006,verification_delay,applicant,"Hello {{contact_name}}, the checks on your application for {{applicant_name}} (reference {{case_id}}) are taking a little longer than usual. No action is needed from you. We will update you again within three working days.",1.0,approved
TPL-0007,approval_notification,applicant,"Hello {{contact_name}}, good news. The Wallester Business account for {{applicant_name}} (reference {{case_id}}) has been approved. You can sign in to the portal to order your first cards and invite users.",1.2,approved
TPL-0008,internal_case_summary,analyst,"Internal case summary for {{case_id}} ({{applicant_name}}). Prepared by the orchestration layer for analyst review. Contains evidence references, outstanding items and the recommended next action. Not for disclosure to the applicant.",1.5,approved
TPL-0009,internal_escalation_note,compliance,Internal escalation note for {{case_id}} ({{applicant_name}}). Routed to {{escalation_target}}. Automated progression is blocked pending compliance review. Not for disclosure to the applicant.,1.1,approved
TPL-0010,white_label_intake_acknowledgement,applicant,"Hello {{contact_name}}, thank you for the partner programme enquiry for {{applicant_name}} (reference {{case_id}}). Your company documents have been received. Partner programme onboarding is handled by our programme delivery team, who will contact you about the next steps.",1.0,approved
