factor_id,assessment_id,factor,weight,explanation,evidence_refs
RF-0001,RSK-0002,document_quality,10,A document failed the quality screen and had to be sent back,PACK-0002
RF-0002,RSK-0003,registry_address_mismatch,30,The registered address on file does not match the register,REG-0002
RF-0003,RSK-0003,extraction_confidence,5,An analyst had to correct a value the system could not read reliably,PACK-0003
RF-0004,RSK-0003,usage_volume,8,Expected monthly card spend is above the 50000 threshold,PACK-0003
RF-0005,RSK-0004,jurisdiction_risk,8,A beneficial owner lives outside the country the applicant is registered in,DOC-0037
RF-0006,RSK-0004,ownership_complexity,15,Ownership runs through at least one intermediate company,DOC-0037
RF-0007,RSK-0004,ownership_opacity,25,The register does not corroborate the declared beneficial ownership,REG-0003
RF-0008,RSK-0004,extraction_confidence,6,A value was read below the confidence floor and accepted as read by an analyst,PACK-0004
RF-0009,RSK-0004,document_quality,15,A document was held for an analyst at the quality screen,PACK-0004
RF-0010,RSK-0005,jurisdiction_risk,8,A beneficial owner lives outside the country the applicant is registered in,DOC-0053
RF-0011,RSK-0005,usage_volume,8,Expected monthly card spend is above the 50000 threshold,PACK-0005
RF-0012,RSK-0005,pep_exposure,30,A subject is a politically exposed person or a close associate,SCR-0011
RF-0013,RSK-0005,adverse_media_severity,20,"Moderate adverse media of relevance to a subject; allegations, not established fact",SCR-0011
RF-0014,RSK-0006,sanctions_exposure,60,A possible sanctions match that only a human can resolve,SCR-0015
RF-0015,RSK-0007,extraction_confidence,6,A value was read below the confidence floor and accepted as read by an analyst,PACK-0007
RF-0016,RSK-0007,usage_volume,8,Expected monthly card spend is above the 50000 threshold,PACK-0007
RF-0017,RSK-0007,adverse_media_severity,40,"Serious adverse media of relevance to a subject; allegations, not established fact",SCR-0019
RF-0018,RSK-0009,ownership_complexity,15,Ownership runs through at least one intermediate company,DOC-0112
RF-0019,RSK-0010,entity_status,60,The register does not show the entity as active,REG-0009
RF-0020,RSK-0011,sanctions_exposure,70,A confirmed sanctions match,SCR-0033
RF-0021,RSK-0012,identity_verification,25,"An identity check returned fail or review for a director, owner or signatory",PACK-0013
RF-0022,RSK-0013,document_quality,10,A document failed the quality screen and had to be sent back,PACK-0014
