check_id,case_id,subject_type,applicant_id,individual_id,sanctions_result,pep_result,adverse_media_result,severity,evidence_refs
SCR-0001,WAL-ONB-0001,applicant,APP-0001,,no_match,no_match,none,none,
SCR-0002,WAL-ONB-0001,individual,,IND-0001,no_match,no_match,none,none,
SCR-0003,WAL-ONB-0003,applicant,APP-0003,,no_match,no_match,none,none,
SCR-0004,WAL-ONB-0003,individual,,IND-0004,no_match,no_match,none,none,
SCR-0005,WAL-ONB-0003,individual,,IND-0005,no_match,no_match,none,none,
SCR-0006,WAL-ONB-0003,individual,,IND-0006,no_match,no_match,none,none,
SCR-0007,WAL-ONB-0004,applicant,APP-0004,,no_match,no_match,none,none,
SCR-0008,WAL-ONB-0004,individual,,IND-0007,no_match,no_match,none,none,
SCR-0009,WAL-ONB-0004,individual,,IND-0008,no_match,no_match,none,none,
SCR-0010,WAL-ONB-0004,individual,,IND-0009,no_match,no_match,none,none,
SCR-0011,WAL-ONB-0005,applicant,APP-0005,,no_match,no_match,none,none,
SCR-0012,WAL-ONB-0005,individual,,IND-0010,no_match,no_match,none,none,
SCR-0013,WAL-ONB-0005,individual,,IND-0011,no_match,no_match,none,none,
SCR-0014,WAL-ONB-0005,individual,,IND-0012,no_match,pep_match,moderate,high,SCREEN-REF-PEP-4471|SCREEN-REF-MEDIA-9920
SCR-0015,WAL-ONB-0006,applicant,APP-0006,,no_match,no_match,none,none,
SCR-0016,WAL-ONB-0006,individual,,IND-0014,no_match,no_match,none,none,
SCR-0017,WAL-ONB-0006,individual,,IND-0015,no_match,no_match,none,none,
SCR-0018,WAL-ONB-0006,individual,,IND-0013,possible_match,no_match,none,critical,SCREEN-REF-SAN-2281
SCR-0019,WAL-ONB-0007,applicant,APP-0007,,no_match,no_match,none,none,
SCR-0020,WAL-ONB-0007,individual,,IND-0017,no_match,no_match,none,none,
SCR-0021,WAL-ONB-0007,individual,,IND-0016,no_match,no_match,serious,high,SCREEN-REF-MEDIA-5514|SCREEN-REF-MEDIA-5517
SCR-0022,WAL-ONB-0009,applicant,APP-0009,,no_match,no_match,none,none,
SCR-0023,WAL-ONB-0009,individual,,IND-0019,no_match,no_match,none,none,
SCR-0024,WAL-ONB-0009,individual,,IND-0020,no_match,no_match,none,none,
SCR-0025,WAL-ONB-0010,applicant,APP-0010,,no_match,no_match,none,none,
SCR-0026,WAL-ONB-0010,individual,,IND-0021,no_match,no_match,none,none,
SCR-0027,WAL-ONB-0010,individual,,IND-0022,no_match,no_match,none,none,
SCR-0028,WAL-ONB-0010,individual,,IND-0023,no_match,no_match,none,none,
